,program_name,singer,music,views,likes,comments,atmosphere,subject,atmos_label,sub_label
0,미스터트롯,임영웅,바램,2223366,22906,4689,슬픔,인생,1,4
1,미스터트롯,영탁,사내,604639,6583,1599,활기참,인생,6,4
2,미스터트롯,영탁,댄싱퀸,828628,7804,1884,신남,남녀사랑,2,2
3,미스터트롯,임영웅,댄싱퀸,828628,7804,1884,신남,남녀사랑,2,2
4,미스터트롯,영탁,막걸리 한 잔,1805978,19675,7231,활기참,부모효도,6,3
5,미스터트롯,임영웅,일편단심 민들레야,2168541,24198,14396,슬픔,남녀사랑,1,2
6,미스터트롯,임영웅,사랑밖에 난 몰라,286151,3882,769,씁쓸함,남녀사랑,3,2
7,미스터트롯,임영웅,십분 내로,478268,5822,2282,신남,남녀사랑,2,2
8,미스터트롯,임영웅,곤드레 만드레,416870,5282,1678,신남,남녀사랑,2,2
9,미스터트롯,영탁,1.2.3.4,197430,1948,598,신남,남녀사랑,2,2
10,미스터트롯,영탁,울엄마,251494,1947,685,활기참,부모효도,6,3
11,미스터트롯,영탁,부초같은 인생,233645,2104,763,활기참,희망부여,6,5
12,미스터트롯,영탁,뿐이고,246004,2447,1203,신남,부모효도,2,3
13,미스터트롯,임영웅,어느 60대 노부부 이야기,3803727,38643,19169,씁쓸함,남녀사랑,3,2
14,미스터트롯,영탁,추억으로 가는 당신,1324780,17688,14937,활기참,남녀사랑,6,2
15,미스터트롯,임영웅,보라빛 엽서,3118971,28765,25718,애절함,남녀사랑,4,2
16,미스터트롯,임영웅,울면서 후회하네,2192797,20813,24660,애절함,남녀사랑,4,2
17,미스터트롯,영탁,또 만났네요,619423,7218,5837,신남,남녀사랑,2,2
18,미스터트롯,영탁,찐이야,1236153,16703,10464,신남,남녀사랑,2,2
19,미스터트롯,임영웅,두 주먹,1052558,29112,55226,활기참,남녀사랑,6,2
20,미스터트롯,영탁,내 삶의 이유 있음은,733508,9475,5464,애절함,인생,4,4
21,미스터트롯,정동원,보릿고개,1218700,12459,4367,슬픔,과거역경,1,0
22,미스터트롯,정동원,사랑은 눈물의 씨앗,1559151,17296,15988,슬픔,남녀사랑,1,2
23,미스터트롯,정동원,백세인생,651965,8701,1889,씁쓸함,인생,3,4
24,미스터트롯,정동원,청춘(고장난 벽시계),707084,9536,2472,슬픔,인생,1,4
25,미스터트롯,정동원,다함께 차차차,615969,7542,1421,활기참,인생,6,4
26,미스터트롯,정동원,젊은 그대,802646,9493,2333,신남,희망부여,2,5
27,미스터트롯,정동원,희망가,1564329,22467,10505,어두움,인생,5,4
28,미스터트롯,정동원,여백,1363158,12502,31164,씁쓸함,인생,3,4
29,미스터트롯,정동원,누가 울어,811913,9514,16754,슬픔,남녀사랑,1,2
30,미스터트롯,정동원,우수,1372049,13299,13770,슬픔,남녀사랑,1,2
31,미스터트롯,김희재,돌리도,298329,2852,1136,활기참,남녀사랑,6,2
32,미스터트롯,김희재,내 마음 별과 같이,363381,4021,2460,씁쓸함,인생,3,4
33,미스터트롯,김희재,꽃을 든 남자,289495,2846,3035,활기참,남녀사랑,6,2
34,미스터트롯,김희재,사랑아(나무꾼),249147,1493,824,슬픔,남녀사랑,1,2
35,미스터트롯,김희재,사랑은 어디에,184651,2079,5340,씁쓸함,남녀사랑,3,2
36,미스터트롯,김희재,나만의 여인,377441,2410,6281,씁쓸함,남녀사랑,3,2
37,미스터트롯,김희재,나는 남자다,328525,3019,3922,활기참,희망부여,6,5
38,미스터트롯,김희재,잃어버린 정,232993,2580,1667,슬픔,남녀사랑,1,2
39,미스터트롯,김희재,아카시아,205241,2137,1262,활기참,남녀사랑,6,2
40,미스터트롯,김희재,신 사랑 고개,137070,5138,43174,슬픔,남녀사랑,1,2
41,미스터트롯,임영웅,배신자,2637009,27722,24104,씁쓸함,남녀사랑,3,2
42,미스터트롯,장민호,봄날은 간다,250626,1415,458,애절함,남녀사랑,4,2
43,미스터트롯,장민호,댄싱퀸,828458,7804,1884,신남,남녀사랑,2,2
44,미스터트롯,장민호,님,351478,2406,1301,씁쓸함,남녀사랑,3,2
45,미스터트롯,장민호,사랑만은 않겠어요,144476,473,195,신남,남녀사랑,2,2
46,미스터트롯,장민호,상사화,874581,8289,20056,애절함,남녀사랑,4,2
47,미스터트롯,장민호,파트너,1338260,15423,13423,신남,남녀사랑,2,2
48,미스터트롯,장민호,역쩐 인생,520039,4751,11921,신남,희망부여,2,5
49,미스터트롯,장민호,남자라는 이유로,258115,2538,1333,애절함,인생,4,4
50,미스터트롯,이찬원,진또배기,1194086,19499,16047,신남,인생,2,4
51,미스터트롯,이찬원,내 마음 별과 같이,363457,4021,2460,활기참,인생,6,4
52,미스터트롯,이찬원,울긴 왜 울어,1214322,18734,18076,활기참,인생,6,4
53,미스터트롯,이찬원,백세인생,652104,8703,1890,활기참,인생,6,4
54,미스터트롯,이찬원,잃어버린 30년,784028,15939,35332,애절함,인생,4,4
55,미스터트롯,이찬원,남자다잉,645542,8737,11345,신남,희망부여,2,5
56,미스터트롯,이찬원,딱! 풀,775387,15576,56242,활기참,희망부여,6,5
57,미스터트롯,이찬원,18세 순이,1398127,20415,39111,신남,남녀사랑,2,2
58,미스터트롯,김호중,태클을 걸지마,1107542,13626,4583,신남,인생,2,4
59,미스터트롯,김호중,이대팔,303794,2960,968,신남,인생,2,4
60,미스터트롯,김호중,무정부르스,740036,11243,4907,애절함,남녀사랑,4,2
61,미스터트롯,김호중,희망가,1564329,22467,10505,애절함,인생,4,4
62,미스터트롯,김호중,백세인생,651981,8702,1889,신남,인생,2,4
63,미스터트롯,김호중,다함께 차차차,615969,7542,1421,활기참,인생,6,4
64,미스터트롯,김호중,젊은 그대,802665,9494,2333,신남,희망부여,2,5
65,미스터트롯,김호중,천상재회,628758,14341,13169,슬픔,남녀사랑,1,2
66,미스터트롯,김호중,짝사랑,380307,7296,5213,활기참,남녀사랑,6,2
67,미스터트롯,김호중,다시 한번만,532325,9601,10951,애절함,남녀사랑,4,2
68,미스터트롯,김호중,바람남,437553,7866,3935,씁쓸함,남녀사랑,3,2
69,미스터트롯,김호중,고맙소,1062537,26141,29063,애절함,남녀사랑,4,2
70,미스터트롯,김경민,내 마음 별과 같이,363385,4021,2460,활기참,인생,6,4
71,미스터트롯,김경민,가지마,171174,777,227,활기참,인생,6,4
72,미스터트롯,김경민,사랑만은 않겠어요,144415,472,195,애절함,남녀사랑,4,2
73,미스터트롯,김경민,낭만에 대하여,135198,638,251,활기참,인생,6,4
74,미스터트롯,김경민,내생에 봄날은,167047,807,320,신남,인생,2,4
75,미스터트롯,김경민,춘자야,220675,1522,560,활기참,남녀사랑,6,2
76,미스터트롯,김경민,누이,111386,526,205,신남,남녀사랑,2,2
77,미스트롯1,송가인,한 많은 대동강,556949,4370,555,애절함,인생,4,4
78,미스트롯1,송가인,황홀한 고백,101193,470,64,활기참,남녀사랑,6,2
79,미스트롯1,송가인,용두산 엘레지,739638,6962,1843,애절함,남녀사랑,4,2
80,미스트롯1,송가인,나로 말할 것 같으면,95319,363,20,신남,인생,2,4
81,미스트롯1,송가인,tears,310794,2921,356,신남,남녀사랑,2,2
82,미스트롯1,송가인,영동부르스,245636,2237,521,애절함,남녀사랑,4,2
83,미스트롯1,송가인,진정인가요,377454,2750,450,씁쓸함,남녀사랑,3,2
84,미스트롯1,송가인,무명배우,159792,1622,223,애절함,남녀사랑,4,2
85,미스트롯1,송가인,미아리고개,652668,4798,1091,애절함,남녀사랑,4,2
86,미스트롯1,정미애,훨훨훨,70996,305,46,씁쓸함,인생,3,4
87,미스트롯1,정미애,우연히,28574,53,6,활기참,남녀사랑,6,2
88,미스트롯1,정미애,쓰리랑,82930,227,37,신남,인생,2,4
89,미스트롯1,정미애,달타령,38272,107,6,신남,인생,2,4
90,미스트롯1,정미애,수은등,134876,492,83,애절함,남녀사랑,4,2
91,미스트롯1,정미애,천하장사,54996,126,25,활기참,희망부여,6,5
92,미스트롯1,정미애,라밤바,62181,125,81,신남,남녀사랑,2,2
93,미스트롯1,정미애,장녹수,136675,310,83,씁쓸함,인생,3,4
94,미스트롯1,홍자,상사화,182585,1249,168,애절함,남녀사랑,4,2
95,미스트롯1,홍자,황홀한 고백,26520,64,9,활기참,남녀사랑,6,2
96,미스트롯1,홍자,비나리,52880,313,46,애절함,남녀사랑,4,2
97,미스트롯1,홍자,위 아래,44477,166,56,신남,남녀사랑,2,2
98,미스트롯1,홍자,와,44477,166,56,어두움,남녀사랑,5,2
99,미스트롯1,홍자,보여줄게,44477,166,56,신남,남녀사랑,2,2
100,미스트롯1,홍자,boomba,40414,139,38,신남,남녀사랑,2,2
101,미스트롯1,홍자,무조건,40414,139,38,신남,남녀사랑,2,2
102,미스트롯1,홍자,사랑 참,637383,3139,813,슬픔,남녀사랑,1,2
103,미스트롯1,홍자,콩깍지,54355,225,58,신남,남녀사랑,2,2
104,미스트롯1,홍자,여기요,70115,450,209,신남,남녀사랑,2,2
105,미스트롯1,홍자,열애,84385,411,293,슬픔,남녀사랑,1,2
106,미스트롯1,정다경,당신이 좋아,20148,74,7,신남,남녀사랑,2,2
107,미스트롯1,정다경,빨간구두 아가씨,6931,9,1,활기참,남녀사랑,6,2
108,미스트롯1,정다경,열두줄,23337,101,7,신남,남녀사랑,2,2
109,미스트롯1,정다경,벌써 12시,60525,85,10,신남,남녀사랑,2,2
110,미스트롯1,정다경,질풍가도,60525,85,10,신남,희망부여,2,5
111,미스트롯1,정다경,한잔해,34961,46,2,신남,희망부여,2,5
112,미스트롯1,정다경,한잔해,60525,85,10,신남,희망부여,2,5
113,미스트롯1,정다경,내가 저지른 사랑,48417,113,43,씁쓸함,남녀사랑,3,2
114,미스트롯1,정다경,가슴 아프게,63500,218,42,애절함,남녀사랑,4,2
115,미스트롯1,정다경,미워도 다시 한번,38307,99,34,애절함,남녀사랑,4,2
116,미스트롯1,정다경,사랑의 신호등,58212,212,34,신남,남녀사랑,2,2
117,미스트롯1,정다경,약손,100237,418,87,슬픔,부모효도,1,3
118,미스트롯1,김나희,첫사랑,81403,197,67,활기참,남녀사랑,6,2
119,미스트롯1,김나희,벤치,128072,512,61,활기참,인생,6,4
120,미스트롯1,김나희,불나비(빙글빙글),62756,287,49,활기참,남녀사랑,6,2
121,미스트롯1,김나희,송인,89304,377,49,슬픔,남녀사랑,1,2
122,미스트롯1,김나희,까르보나라,61760,261,87,신남,남녀사랑,2,2
123,미스트롯1,김나희,곡예사의 첫사랑,81403,197,67,씁쓸함,남녀사랑,3,2
124,미스트롯1,김나희,콩깍지,86841,371,113,신남,남녀사랑,2,2
125,미스트롯1,김나희,봉산화 연정,83552,364,34,씁쓸함,남녀사랑,3,2
126,미스트롯1,두리,애가 타,42602,152,37,애절함,남녀사랑,4,2
127,미스트롯1,두리,천하장사,54990,126,25,신남,인생,2,4
128,미스트롯1,두리,공주는 외로워,84540,433,71,씁쓸함,인생,3,4
129,미스트롯1,두리,갈무리,42945,146,44,슬픔,남녀사랑,1,2
130,미스트롯1,두리,남자는 여자를 귀찮게 해,30523,60,9,활기참,남녀사랑,6,2
131,미스트롯1,두리,밤열차,70522,111,22,슬픔,남녀사랑,1,2
132,미스트롯1,김소유,신 사랑 고개,32281,133,9,씁쓸함,남녀사랑,3,2
133,미스트롯1,김소유,진정인가요,377552,2754,429,씁쓸함,남녀사랑,3,2
134,미스트롯1,김소유,봉선화 연정,83547,364,34,씁쓸함,남녀사랑,3,2
135,미스트롯1,김소유,오래오래 살아주세요,62377,169,15,슬픔,부모효도,1,3
136,미스트롯1,김소유,남자는 여자를 귀찮게 해,30525,60,9,활기참,남녀사랑,6,2
137,미스트롯1,김소유,사랑의 배터리,60103,84,11,신남,남녀사랑,2,2
138,미스트롯1,김소유,십분 내로,102935,388,82,활기참,남녀사랑,6,2
139,미스트롯1,숙행,황홀한 고백,101228,470,64,애절함,남녀사랑,4,2
140,미스트롯1,숙행,솔로(하여가),51638,189,25,신남,인생,2,4
141,미스트롯1,숙행,날 보러 와요,276432,587,110,활기참,남녀사랑,6,2
142,미스트롯1,숙행,미워도 다시 한 번,65990,177,74,애절함,남녀사랑,4,2
143,미스트롯1,숙행,나야 나,51678,246,46,활기참,희망부여,6,5
144,보이스트롯,박세욱,목포행 완행열차,26934,354,146,슬픔,남녀사랑,1,2
145,보이스트롯,박세욱,여자 여자 여자,4622,48,9,활기참,남녀사랑,6,2
146,보이스트롯,박세욱,봉선화 연정,4622,48,9,신남,남녀사랑,2,2
147,보이스트롯,박세욱,분위기 좋고,4622,48,9,신남,남녀사랑,2,2
148,보이스트롯,박세욱,대전 블루스,13316,137,62,애절함,과거역경,4,0
149,보이스트롯,박세욱,둠바둠바,15014,130,69,활기참,남녀사랑,6,2
150,보이스트롯,박세욱,인연,13827,92,29,슬픔,남녀사랑,1,2
151,보이스트롯,박세욱,대동강 편지,15171,161,86,씁쓸함,인생,3,4
152,보이스트롯,박세욱,저 꽃 속에 찬란한 빛이,25185,314,85,신남,과거역경,2,0
153,보이스트롯,박세욱,추억으로 가는 당신,24940,255,100,슬픔,남녀사랑,1,2
154,보이스트롯,박세욱,오래오래 살아 주세요,70868,492,153,슬픔,부모효도,1,3
155,보이스트롯,김다현,사랑님,90257,803,137,신남,남녀사랑,2,2
156,보이스트롯,김다현,정말 좋았네,22062,114,13,애절함,남녀사랑,4,2
157,보이스트롯,김다현,오늘이 젊은 날,69687,219,25,신남,희망부여,2,5
158,보이스트롯,김다현,천년 바위,216351,1800,300,애절함,인생,4,4
159,보이스트롯,김다현,아모르파티,75621,513,63,신남,희망부여,2,5
160,보이스트롯,김다현,무슨 사랑,77858,403,56,신남,남녀사랑,2,2
161,보이스트롯,김다현,님의 등불,91755,504,84,애절함,남녀사랑,4,2
162,보이스트롯,김다현,사랑아,157493,1401,175,슬픔,남녀사랑,1,2
163,보이스트롯,김다현,용두산 에레지,108529,606,69,애절함,남녀사랑,4,2
164,보이스트롯,김다현,엄마의 노래,243183,2004,370,슬픔,부모효도,1,3
165,보이스트롯,조문근,찬찬찬,10735,78,14,씁쓸함,남녀사랑,3,2
166,보이스트롯,조문근,차 표 한장,8960,59,12,씁쓸함,남녀사랑,3,2
167,보이스트롯,조문근,창밖의 여자,23622,317,95,씁쓸함,남녀사랑,3,2
168,보이스트롯,조문근,제발,13246,135,22,슬픔,남녀사랑,1,2
169,보이스트롯,조문근,타타타,20786,242,105,활기참,인생,6,4
170,보이스트롯,조문근,가라지,18973,225,74,활기참,인생,6,4
171,보이스트롯,조문근,난 괜찮아,19060,229,39,씁쓸함,남녀사랑,3,2
172,보이스트롯,조문근,홍시,40493,331,62,슬픔,부모효도,1,3
173,보이스트롯,홍경민,남자라는 이유로,26717,160,43,씁쓸함,인생,3,4
174,보이스트롯,홍경민,고맙소,19989,139,44,애절함,남녀사랑,4,2
175,보이스트롯,홍경민,나팔바지,53752,354,57,신남,희망부여,2,5
176,보이스트롯,홍경민,한 오백 년,22201,203,74,씁쓸함,남녀사랑,3,2
177,보이스트롯,홍경민,전선야곡,44600,245,274,슬픔,부모효도,1,3
178,보이스트롯,홍경민,이차선 다리,19075,257,45,슬픔,남녀사랑,1,2
179,보이스트롯,홍경민,빈 지게,10617,88,45,씁쓸함,인생,3,4
180,보이스트롯,문희경,한 많은 대동강,28069,157,27,애절함,인생,4,4
181,보이스트롯,문희경,너는 내남자,8386,28,0,활기참,남녀사랑,6,2
182,보이스트롯,문희경,돌리도,14351,69,12,신남,남녀사랑,2,2
183,보이스트롯,문희경,무슨 사랑,77974,404,56,신남,남녀사랑,2,2
184,보이스트롯,문희경,어매,13751,73,7,씁쓸함,인생,3,4
185,보이스트롯,문희경,훨훨훨,10658,54,15,씁쓸함,인생,3,4
186,보이스트롯,문희경,신사랑고개,6642,37,2,활기참,남녀사랑,6,2
187,보이스트롯,문희경,보여줄게,13540,99,14,활기참,남녀사랑,6,2
188,보이스트롯,박광현,보릿고개,34819,252,50,애절함,인생,4,4
189,보이스트롯,박광현,여자의 일생,6159,28,6,애절함,인생,4,4
190,보이스트롯,박광현,정말 좋았네,9130,35,10,활기참,남녀사랑,6,2
191,보이스트롯,박광현,미인,7278,66,15,신남,남녀사랑,2,2
192,보이스트롯,박광현,몇 미터 앞에 두고,7422,46,12,씁쓸함,남녀사랑,3,2
193,보이스트롯,박광현,내 나이가 어때서,7849,38,0,신남,인생,2,4
194,보이스트롯,박광현,간대요 글쎄,8027,49,10,씁쓸함,남녀사랑,3,2
195,보이스트롯,슬리피,황진이,39706,359,137,활기참,남녀사랑,6,2
196,보이스트롯,슬리피,최 진사댁 셋째 딸,9599,159,41,신남,남녀사랑,2,2
197,보이스트롯,슬리피,유쾌 상쾌 통쾌,28616,395,139,신남,인생,2,4
198,보이스트롯,슬리피,신토불이,18485,211,106,활기참,인생,6,4
199,보이스트롯,슬리피,니가 왜 거기서 나와,25355,964,239,신남,남녀사랑,2,2
200,보이스트롯,슬리피,강원도 아리랑,15027,252,46,애절함,남녀사랑,4,2
201,보이스트롯,슬리피,곡예사의 첫사랑,15859,123,37,애절함,남녀사랑,4,2
202,보이스트롯,슬리피,빈대떡 신사,13742,84,33,활기참,인생,6,4
203,보이스트롯,추대엽,어머니,12375,85,22,슬픔,부모효도,1,3
204,보이스트롯,추대엽,안돼요 안돼,14160,114,38,슬픔,남녀사랑,1,2
205,보이스트롯,추대엽,왜 돌아보오,6931,53,11,슬픔,남녀사랑,1,2
206,보이스트롯,추대엽,빈대떡 신사,13742,84,33,활기참,인생,6,4
207,보이스트롯,추대엽,너무 아픈 사랑은 사랑이 아니었음을,16047,245,66,애절함,남녀사랑,4,2
208,보이스트롯,추대엽,애인,6849,54,16,애절함,남녀사랑,4,2
209,보이스트롯,추대엽,옥경이,13390,99,40,씁쓸함,남녀사랑,3,2
210,보이스트롯,추대엽,멋진 인생,8714,39,9,활기참,희망부여,6,5
211,보이스트롯,추대엽,간대요 글쎄,6903,39,6,씁쓸함,남녀사랑,3,2
212,트롯신이 떳다,강문경,검정 고무신,41694,416,118,씁쓸함,부모효도,3,3
213,트롯신이 떳다,강문경,봉선화 연정,34237,434,261,씁쓸함,남녀사랑,3,2
214,트롯신이 떳다,강문경,당신이 좋아,35131,390,114,활기참,남녀사랑,6,2
215,트롯신이 떳다,강문경,꿈에 본 내 고향,18173,215,101,씁쓸함,인생,3,4
216,트롯신이 떳다,강문경,미운 사랑,83902,628,186,애절함,남녀사랑,4,2
217,트롯신이 떳다,강문경,아버지의 강,137329,1389,480,슬픔,부모효도,1,3
218,트롯신이 떳다,강문경,보릿고개,87565,904,217,슬픔,과거역경,1,0
219,트롯신이 떳다,나상도,사내,22774,166,49,활기참,인생,6,4
220,트롯신이 떳다,나상도,가슴 아프게,13580,159,20,슬픔,남녀사랑,1,2
221,트롯신이 떳다,나상도,땡벌,13920,131,20,신남,남녀사랑,2,2
222,트롯신이 떳다,나상도,고향역,27841,180,33,활기참,인생,6,4
223,트롯신이 떳다,나상도,남자라는 이유로,19843,150,226,씁쓸함,인생,3,4
224,트롯신이 떳다,나상도,사랑의 트위스트,10845,74,19,신남,남녀사랑,2,2
225,트롯신이 떳다,나상도,진정인가요,17467,86,26,씁쓸함,남녀사랑,3,2
226,트롯신이 떳다,나상도,울긴 왜 울어,15184,116,30,활기참,인생,6,4
227,트롯신이 떳다,한봄,내장산,66298,587,183,활기참,인생,6,4
228,트롯신이 떳다,한봄,잠깐만,34122,302,77,활기참,남녀사랑,6,2
229,트롯신이 떳다,한봄,날 버린 남자,36,239,10,활기참,남녀사랑,6,2
230,트롯신이 떳다,한봄,사랑만은 않겠어요,56283,423,119,씁쓸함,남녀사랑,3,2
231,트롯신이 떳다,한봄,미운 사내,35562,155,107,활기참,남녀사랑,6,2
232,트롯신이 떳다,한봄,오늘이 젊은 날,40502,308,106,신남,인생,2,4
233,트롯신이 떳다,한봄,오래오래 살아주세요,23989,168,43,애절함,부모효도,4,3
234,트롯신이 떳다,한봄,찻잔의 이별,24323,172,60,씁쓸함,남녀사랑,3,2
235,트롯신이 떳다,손빈아,대동강 편지,24012,198,382,씁쓸함,인생,3,4
236,트롯신이 떳다,손빈아,사랑이 이런 건가요,23185,203,138,신남,남녀사랑,2,2
237,트롯신이 떳다,손빈아,창 밖의 여자,26019,179,101,애절함,남녀사랑,4,2
238,트롯신이 떳다,손빈아,목포의 눈물,16174,139,175,슬픔,남녀사랑,1,2
239,트롯신이 떳다,손빈아,준비없는 이별,25167,189,83,슬픔,남녀사랑,1,2
240,트롯신이 떳다,손빈아,천년 바위,14615,126,55,씁쓸함,인생,3,4
241,트롯신이 떳다,배아현,삼다도 소식,27278,242,71,신남,남녀사랑,2,2
242,트롯신이 떳다,배아현,초혼,20262,103,28,애절함,남녀사랑,4,2
243,트롯신이 떳다,배아현,맹꽁이 타령,20715,148,27,신남,남녀사랑,2,2
244,트롯신이 떳다,배아현,황포 돛대,37756,203,56,씁쓸함,남녀사랑,3,2
245,트롯신이 떳다,배아현,미운 사내,35566,155,107,활기참,남녀사랑,6,2
246,트롯신이 떳다,배아현,꽃바람,54708,218,88,기쁨,남녀사랑,0,2
247,트롯신이 떳다,배아현,초립동,28356,129,49,슬픔,인생,1,4
248,트롯신이 떳다,최우진,고장난 벽시계,35384,323,101,씁쓸함,인생,3,4
249,트롯신이 떳다,최우진,태클을 걸지마,30487,268,144,신남,인생,2,4
250,트롯신이 떳다,최우진,낙엽따라 가버린 사랑,10845,153,97,씁쓸함,남녀사랑,3,2
251,트로트의 민족,장명서,소풍같은 인생,11308,64,12,애절함,인생,4,4
252,트롯신이 떳다,최우진,연상의 여인,23907,232,165,씁쓸함,남녀사랑,3,2
253,트롯신이 떳다,최우진,남자라는 이유로,19855,150,226,씁쓸함,인생,3,4
254,트롯신이 떳다,최우진,막걸리 한잔,16230,230,225,활기참,부모효도,6,3
255,트롯신이 떳다,최우진,비내리는 영동교,13096,131,51,씁쓸함,남녀사랑,3,2
256,트롯신이 떳다,최우진,청춘을 돌려다오,11353,110,57,활기참,인생,6,4
257,트롯신이 떳다,이제나,인생,35782,308,161,슬픔,인생,1,4
258,트롯신이 떳다,이제나,빨간 립스틱,16199,140,80,신남,남녀사랑,2,2
259,트롯신이 떳다,이제나,잠깐,14521,87,54,활기참,남녀사랑,6,2
260,트롯신이 떳다,이제나,꽃을 든 남자,21345,243,144,신남,남녀사랑,2,2
261,트롯신이 떳다,이제나,미인,21345,243,144,신남,남녀사랑,2,2
262,트롯신이 떳다,이제나,여러분,22826,171,54,슬픔,인생,1,4
263,트롯신이 떳다,이제나,이제는,11901,61,29,신남,남녀사랑,2,2
264,트롯신이 떳다,이제나,내 하나의 사람은 가고,16214,75,43,슬픔,남녀사랑,1,2
265,트롯신이 떳다,풍금,아씨,37596,329,74,슬픔,인생,1,4
266,트롯신이 떳다,풍금,울 엄마,54946,500,110,애절함,부모효도,4,3
267,트롯신이 떳다,풍금,아이라예,19002,152,33,활기참,남녀사랑,6,2
268,트롯신이 떳다,풍금,환희,20051,71,10,활기참,인생,6,4
269,트롯신이 떳다,풍금,섬마을 선생님,14812,135,42,애절함,남녀사랑,4,2
270,트롯신이 떳다,풍금,무인도,19526,178,35,씁쓸함,인생,3,4
271,트롯신이 떳다,풍금,사랑했는데,18924,146,113,슬픔,남녀사랑,1,2
272,트롯신이 떳다,풍금,곡예사의 첫사랑,11190,73,32,애절함,남녀사랑,4,2
273,트로트의 민족,안성준,오빠는 풍각쟁이,31997,360,85,활기참,남녀사랑,6,2
274,트로트의 민족,안성준,부산 갈매기,8168,92,51,애절함,남녀사랑,4,2
275,트로트의 민족,안성준,마음이 고와야지,6187,60,11,활기참,남녀사랑,6,2
276,트로트의 민족,안성준,빈대떡 신사,12668,171,79,신남,인생,2,4
277,트로트의 민족,안성준,토요일 밤에,8986,132,45,신남,인생,2,4
278,트로트의 민족,안성준,신라의 달밤,8986,132,45,활기참,인생,6,4
279,트로트의 민족,안성준,홍콩의 거리,8986,132,45,신남,남녀사랑,2,2
280,트로트의 민족,안성준,한잔해,8986,132,45,신남,인생,2,4
281,트로트의 민족,안성준,첫 차,8986,132,45,활기참,남녀사랑,6,2
282,트로트의 민족,안성준,해뜰날,26422,288,56,활기참,희망부여,6,5
283,트로트의 민족,안성준,99.9,11001,146,22,활기참,남녀사랑,6,2
284,트로트의 민족,안성준,잡초,30537,382,96,씁쓸함,인생,3,4
285,트로트의 민족,안성준,제비처럼,43194,439,80,씁쓸함,남녀사랑,3,2
286,트로트의 민족,안성준,마스크,21109,285,46,신남,인생,2,4
287,트로트의 민족,김소연,나이야 가라,163613,941,206,활기참,인생,6,4
288,트로트의 민족,김소연,엄마의 노래,18164,61,11,애절함,부모효도,4,3
289,트로트의 민족,김소연,아이 좋아라,39251,196,39,신남,남녀사랑,2,2
290,트로트의 민족,김소연,천태만상,7670,60,6,신남,인생,2,4
291,트로트의 민족,김소연,섬마을 선생님,7670,60,6,애절함,남녀사랑,4,2
292,트로트의 민족,김소연,추억의 트위스트,7670,60,6,신남,남녀사랑,2,2
293,트로트의 민족,김소연,회룡포,11309,73,14,씁쓸함,인생,3,4
294,트로트의 민족,김소연,최고다 당신,17524,97,13,활기참,남녀사랑,6,2
295,트로트의 민족,김소연,낭랑 18세,13660,116,28,활기참,남녀사랑,6,2
296,트로트의 민족,김소연,꽃바람,27322,145,23,애절함,남녀사랑,4,2
297,트로트의 민족,김소연,그대로 멈춰라,24649,149,30,신남,남녀사랑,2,2
298,트로트의 민족,김재롱,시계바늘,11622,80,14,활기참,인생,6,4
299,트로트의 민족,김재롱,너나 나나,5676,64,14,활기참,인생,6,4
300,트로트의 민족,김재롱,아내의 생일,9572,91,28,신남,남녀사랑,2,2
301,트로트의 민족,김재롱,칠갑산,6013,46,24,슬픔,부모효도,1,3
302,트로트의 민족,김재롱,쑈쑈쑈,5750,50,6,활기참,인생,6,4
303,트로트의 민족,김재롱,폼나게 살거야,8279,92,25,활기참,인생,6,4
304,트로트의 민족,김재롱,압구정 신사,10202,93,26,애절함,남녀사랑,4,2
305,트로트의 민족,김재롱,둥지,14635,95,24,활기참,남녀사랑,6,2
306,트로트의 민족,더블레스,사나이 순정,14623,233,142,신남,남녀사랑,2,2
307,트로트의 민족,더블레스,바람꽃,3186,54,19,씁쓸함,인생,3,4
308,트로트의 민족,더블레스,여로,7640,121,32,씁쓸함,인생,3,4
309,트로트의 민족,더블레스,갈색추억,6293,58,15,슬픔,남녀사랑,1,2
310,트로트의 민족,더블레스,가지마,4637,61,25,슬픔,남녀사랑,1,2
311,트로트의 민족,더블레스,품,6999,63,26,애절함,남녀사랑,4,2
312,트로트의 민족,더블레스,일편단심 민들레야,7480,51,20,애절함,남녀사랑,4,2
313,트로트의 민족,송민준,누가울어,21182,438,123,애절함,남녀사랑,4,2
314,트로트의 민족,송민준,가슴아프게,18279,102,44,애절함,남녀사랑,4,2
315,트로트의 민족,송민준,영영,5292,95,44,애절함,남녀사랑,4,2
316,트로트의 민족,송민준,공부합시다,6092,81,25,신남,인생,2,4
317,트로트의 민족,송민준,사랑은 나비인가봐,6092,81,25,활기참,남녀사랑,6,2
318,트로트의 민족,송민준,고장난 벽시계,6092,81,25,신남,인생,2,4
319,트로트의 민족,송민준,오르락내리락,6092,81,25,활기참,인생,6,4
320,트로트의 민족,송민준,다함께 차차차,6092,81,25,신남,남녀사랑,2,2
321,트로트의 민족,송민준,우연히,4359,95,29,활기참,남녀사랑,6,2
322,트로트의 민족,송민준,...라구요,9788,170,56,애절함,부모효도,4,3
323,트로트의 민족,송민준,울 아버지,4777,94,36,애절함,부모효도,4,3
324,트로트의 민족,장명서,얄미운 사람,10693,72,8,활기참,남녀사랑,6,2
325,트로트의 민족,장명서,꽃,6047,43,5,활기참,남녀사랑,6,2
326,트로트의 민족,장명서,어매,5868,56,23,애절함,부모효도,4,3
327,트로트의 민족,장명서,천태만상,7641,60,6,신남,인생,2,4
328,트로트의 민족,장명서,섬마을 선생님,7641,60,6,애절함,남녀사랑,4,2
329,트로트의 민족,장명서,키다리 미스터 김,7641,60,6,신남,남녀사랑,2,2
330,트로트의 민족,장명서,뿐이고,7641,60,6,신남,남녀사랑,2,2
331,트로트의 민족,장명서,사랑의 트위스트,7641,60,6,신남,남녀사랑,2,2
332,트로트의 민족,장명서,잃어버린 정,4753,32,3,애절함,남녀사랑,4,2
333,트로트의 민족,장명서,개여울,5375,65,23,애절함,남녀사랑,4,2
334,트로트의 민족,김혜진,여자의 일생,15294,91,28,애절함,과거역경,4,0
335,트로트의 민족,김혜진,여여,6508,61,24,애절함,인생,4,4
336,트로트의 민족,김혜진,빙빙빙,3668,35,23,애절함,남녀사랑,4,2
337,트로트의 민족,김혜진,자갈치 아지매,4417,23,7,애절함,부모효도,4,3
338,트로트의 민족,김혜진,토요일 밤에,8966,132,45,활기참,희망부여,6,5
339,트로트의 민족,김혜진,신라의 달밤,8966,132,45,애절함,인생,4,4
340,트로트의 민족,김혜진,홍콩 아가씨,8966,132,45,신남,남녀사랑,2,2
341,트로트의 민족,김혜진,한잔해,8966,132,45,신남,인생,2,4
342,트로트의 민족,김혜진,첫차,8966,132,45,활기참,남녀사랑,6,2
343,트로트의 민족,김혜진,아씨,4612,27,5,슬픔,인생,1,4
344,트로트의 민족,김혜진,단장의 미아리 고개,5943,31,7,슬픔,과거역경,1,0
345,트로트의 민족,김혜진,신 사랑고개,5943,31,7,활기참,남녀사랑,6,2
346,트로트의 민족,김혜진,그 여자의 마스카라,5436,22,6,활기참,남녀사랑,6,2
347,트로트의 민족,김민건,수은동,41324,301,48,애절함,남녀사랑,4,2
348,트로트의 민족,김민건,아모르 파티,7828,64,13,신남,희망부여,2,5
349,트로트의 민족,김민건,너나 나나,5657,64,14,활기참,인생,6,4
350,트로트의 민족,김민건,공부합시다,6092,81,25,신남,인생,2,4
351,트로트의 민족,김민건,사랑은 나비인가봐,6092,81,25,활기참,남녀사랑,6,2
352,트로트의 민족,김민건,고장난 벽시계,6092,81,25,신남,인생,2,4
353,트로트의 민족,김민건,오르락내리락,6092,81,25,활기참,인생,6,4
354,트로트의 민족,김민건,다함께 차차차,6092,81,25,신남,남녀사랑,2,2
355,트로트의 민족,김민건,사랑님,8458,72,8,활기참,남녀사랑,6,2
356,트로트의 민족,김민건,돌리도,5935,55,9,활기참,남녀사랑,6,2
357,트로트의 민족,김민건,오락실,4686,44,13,활기참,인생,6,4
358,미스트롯2,양지은,아버지와 딸,112756,1398,327,애절함,부모효도,4,3
359,미스트롯2,양지은,도로남,94724,342,184,씁쓸함,인생,3,4
360,미스트롯2,양지은,빈대떡 신사,367588,2466,580,활기참,인생,6,4
361,미스트롯2,양지은,왕서방,120975,811,723,씁쓸함,남녀사랑,3,2
362,미스트롯2,양지은,부초같은 인생,133631,732,474,활기참,인생,6,4
363,미스트롯2,양지은,빙빙빙,265156,3662,997,활기참,남녀사랑,6,2
364,미스트롯2,양지은,사모곡,336899,7056,2288,슬픔,부모효도,1,3
365,미스트롯2,양지은,사랑타령,225791,2644,2226,활기참,남녀사랑,6,2
366,미스트롯2,양지은,그 강을 건너지마오,433814,10283,7943,애절함,남녀사랑,4,2
367,미스트롯2,홍지윤,엄마 아리랑,905787,8865,5163,활기참,부모효도,6,3
368,미스트롯2,홍지윤,미운사내,356146,3130,860,활기참,남녀사랑,6,2
369,미스트롯2,홍지윤,추억의 소야곡,288270,2047,1344,씁쓸함,남녀사랑,3,2
370,미스트롯2,홍지윤,빵빵,184728,1019,342,신남,기타,2,1
371,미스트롯2,홍지윤,고향역,184728,1019,342,애절함,인생,4,4
372,미스트롯2,홍지윤,시계바늘,159991,823,362,활기참,인생,6,4
373,미스트롯2,홍지윤,신사동 그사람,159991,823,362,활기참,남녀사랑,6,2
374,미스트롯2,홍지윤,When we disco,216277,1572,598,신남,남녀사랑,2,2
375,미스트롯2,홍지윤,허공,218560,1132,698,씁쓸함,남녀사랑,3,2
376,미스트롯2,홍지윤,배 띄워라,596157,6343,4264,활기참,남녀사랑,6,2
377,미스트롯2,홍지윤,꽃바람,365280,3493,3563,활기참,남녀사랑,6,2
378,미스트롯2,홍지윤,사랑은 장난이 아니야,271733,1738,2174,씁쓸함,남녀사랑,3,2
379,미스트롯2,홍지윤,오라,270848,3144,4629,활기참,남녀사랑,6,2
380,미스트롯2,김다현,여자의 일생,209243,1224,3387,슬픔,인생,1,4
381,미스트롯2,김다현,회룡포,533081,5811,5204,씁쓸함,인생,3,4
382,미스트롯2,김다현,허공,217666,1123,687,씁쓸함,남녀사랑,3,2
383,미스트롯2,김다현,빵빵,183803,1015,341,신남,기타,2,1
384,미스트롯2,김다현,시계바늘,159131,820,361,활기참,인생,6,4
385,미스트롯2,김다현,When we disco,215274,1568,597,신남,남녀사랑,2,2
386,미스트롯2,김다현,훨훨훨,266906,3479,3423,씁쓸함,인생,3,4
387,미스트롯2,김다현,어부바,236690,2573,5346,활기참,남녀사랑,6,2
388,미스트롯2,김다현,인연이라 슬펐노라,139940,2803,3387,슬픔,남녀사랑,1,2
389,미스트롯2,김태연,대전 부르스,272387,2518,412,슬픔,남녀사랑,1,2
390,미스트롯2,김태연,간대요 글쎄,553236,7701,2309,씁쓸함,남녀사랑,3,2
391,미스트롯2,김태연,범 내려온다,569386,5081,1677,신남,기타,2,1
392,미스트롯2,김태연,빈대떡 신사,365329,2453,576,활기참,인생,6,4
393,미스트롯2,김태연,미인,130778,819,209,활기참,남녀사랑,6,2
394,미스트롯2,김태연,부초 같은 인생,131107,720,472,씁쓸함,인생,3,4
395,미스트롯2,김태연,바람길,1543026,23652,11065,씁쓸함,인생,3,4
396,미스트롯2,김태연,어부바,236690,2573,5346,활기참,남녀사랑,6,2
397,미스트롯2,김태연,오세요,290040,4815,4956,활기참,남녀사랑,6,2
398,미스트롯2,김의영,용두산 엘레지,354402,3604,1942,애절함,남녀사랑,4,2
399,미스트롯2,김의영,전선야곡,165824,443,321,씁쓸함,부모효도,3,3
400,미스트롯2,김의영,가버린 사랑,176701,1222,447,애절함,남녀사랑,4,2
401,미스트롯2,김의영,빵빵,184617,1018,341,신남,기타,2,1
402,미스트롯2,김의영,고향역,184617,1018,341,활기참,인생,6,4
403,미스트롯2,김의영,시계바늘,159881,822,361,활기참,인생,6,4
404,미스트롯2,김의영,신사동 그 사람,159881,822,361,신남,남녀사랑,2,2
405,미스트롯2,김의영,When we disco,216167,1571,597,신남,남녀사랑,2,2
406,미스트롯2,김의영,허공,218433,1130,688,씁쓸함,남녀사랑,3,2
407,미스트롯2,김의영,사랑여행,129521,923,397,애절함,남녀사랑,4,2
408,미스트롯2,김의영,비익조,141431,1119,3482,애절함,남녀사랑,4,2
409,미스트롯2,김의영,도찐개찐,141591,1545,823,신남,남녀사랑,2,2
410,미스트롯2,은가은,님의 등불,157048,612,133,애절함,남녀사랑,4,2
411,미스트롯2,은가은,립스틱 짙게 바르고,312414,414,1074,슬픔,남녀사랑,1,2
412,미스트롯2,은가은,안돼요 안돼,95628,667,197,슬픔,남녀사랑,1,2
413,미스트롯2,은가은,일나겠네,302623,1932,690,신남,남녀사랑,2,2
414,미스트롯2,은가은,아카시아,302623,1932,690,활기참,남녀사랑,6,2
415,미스트롯2,은가은,평행선,160185,963,349,신남,남녀사랑,2,2
416,미스트롯2,은가은,빈 잔,176216,1291,397,애절함,남녀사랑,4,2
417,미스트롯2,은가은,엉덩이,325568,2207,959,신남,남녀사랑,2,2
418,미스트롯2,은가은,대박 날테다,325568,2207,959,신남,인생,2,4
419,미스트롯2,은가은,바람의 노래,180871,2338,935,슬픔,인생,1,4
420,미스트롯2,은가은,옥경이,76404,675,331,슬픔,남녀사랑,1,2
421,미스트롯2,은가은,사랑아,165920,1336,812,슬픔,남녀사랑,1,2
422,미스트롯2,은가은,티키타카,130233,1348,558,신남,남녀사랑,2,2
423,미스트롯2,별사랑,테스형,102492,462,222,활기참,인생,6,4
424,미스트롯2,별사랑,불나비,146324,369,570,신남,남녀사랑,2,2
425,미스트롯2,별사랑,한방에 훅,181193,1008,422,활기참,인생,6,4
426,미스트롯2,별사랑,일나겠네,302623,1932,690,신남,남녀사랑,2,2
427,미스트롯2,별사랑,아카시아,302623,1932,690,활기참,남녀사랑,6,2
428,미스트롯2,별사랑,평행선,160185,963,349,신남,남녀사랑,2,2
429,미스트롯2,별사랑,빈잔,176216,1291,397,애절함,남녀사랑,4,2
430,미스트롯2,별사랑,엉덩이,325568,2207,959,신남,남녀사랑,2,2
431,미스트롯2,별사랑,대박 날테다,325568,2207,959,신남,인생,2,4
432,미스트롯2,별사랑,당신의 눈물,123457,1534,566,애절함,남녀사랑,4,2
433,미스트롯2,별사랑,동반자,121147,553,959,신남,남녀사랑,2,2
434,미스트롯2,별사랑,돋보기,201695,5825,3995,신남,남녀사랑,2,2
